NANDO:2200028	MONDO:0004964
NANDO:1200450	MONDO:0005536
NANDO:2200890	MONDO:0005713
NANDO:2200313	MONDO:0019832
NANDO:2200279	MONDO:0020420
NANDO:1200799	MONDO:0000188
NANDO:2200227	MONDO:0000190
NANDO:2200475	MONDO:0000351
NANDO:2200624	MONDO:0000359
NANDO:2200882	MONDO:0000359
NANDO:1200932	MONDO:0000390
NANDO:1200037	MONDO:0000437
NANDO:2200882	MONDO:0000437
NANDO:1200026	MONDO:0000450
NANDO:1200025	MONDO:0000451
NANDO:2200884	MONDO:0000476
NANDO:2200139	MONDO:0000608
NANDO:2200774	MONDO:0000940
NANDO:1200502	MONDO:0000995
NANDO:2200013	MONDO:0001014
NANDO:2200187	MONDO:0001083
NANDO:2200136	MONDO:0001085
NANDO:2200141	MONDO:0001105
NANDO:2200137	MONDO:0001110
NANDO:1200775	MONDO:0001220
NANDO:2200345	MONDO:0001220
NANDO:2200639	MONDO:0001243
NANDO:2200964	MONDO:0001333
NANDO:2200236	MONDO:0001340
NANDO:1200347	MONDO:0001341
NANDO:2200720	MONDO:0001341
NANDO:2201024	MONDO:0001414
NANDO:1200746	MONDO:0001437
NANDO:1200003	MONDO:0001516
NANDO:2200853	MONDO:0001516
NANDO:2200157	MONDO:0001558
NANDO:1200714	MONDO:0001645
NANDO:1200723	MONDO:0001645
NANDO:1200815	MONDO:0001676
NANDO:1200302	MONDO:0001713
NANDO:1200607	MONDO:0001734
NANDO:2200826	MONDO:0001734
NANDO:2200343	MONDO:0001741
NANDO:2200212	MONDO:0001823
NANDO:2200144	MONDO:0001909
NANDO:2200305	MONDO:0001927
NANDO:2200388	MONDO:0001969
NANDO:2200561	MONDO:0001982
NANDO:1200793	MONDO:0002012
NANDO:2200270	MONDO:0002070
NANDO:2200074	MONDO:0002108
NANDO:2200675	MONDO:0002244
NANDO:2200678	MONDO:0002247
NANDO:2200690	MONDO:0002304
NANDO:2200855	MONDO:0002316
NANDO:1200030	MONDO:0002335
NANDO:2200905	MONDO:0002335
NANDO:2200228	MONDO:0002442
NANDO:2200123	MONDO:0002461
NANDO:1200627	MONDO:0002470
NANDO:2200128	MONDO:0002486
NANDO:2200089	MONDO:0002540
NANDO:2200089	MONDO:0002543
NANDO:2200194	MONDO:0002568
NANDO:2200048	MONDO:0002623
NANDO:2200060	MONDO:0002676
NANDO:2200060	MONDO:0002678
NANDO:2200104	MONDO:0002718
NANDO:2200090	MONDO:0002794
NANDO:2200090	MONDO:0002797
NANDO:2200929	MONDO:0002808
NANDO:2200301	MONDO:0002870
NANDO:1200482	MONDO:0002921
NANDO:2200867	MONDO:0002921
NANDO:2200062	MONDO:0002926
NANDO:2200066	MONDO:0003002
NANDO:1200379	MONDO:0003009
NANDO:2200350	MONDO:0003009
NANDO:2200354	MONDO:0003009
NANDO:2200094	MONDO:0003057
NANDO:2200122	MONDO:0003139
NANDO:1200880	MONDO:0003157
NANDO:2200178	MONDO:0003330
NANDO:2200088	MONDO:0003478
NANDO:2200066	MONDO:0003481
NANDO:2200070	MONDO:0003508
NANDO:2200106	MONDO:0003514
NANDO:2200105	MONDO:0003517
NANDO:2200395	MONDO:0003523
NANDO:2200067	MONDO:0003581
NANDO:2200065	MONDO:0003585
NANDO:2200065	MONDO:0003587
NANDO:2200105	MONDO:0003733
NANDO:2200106	MONDO:0003735
NANDO:1200320	MONDO:0003778
NANDO:2200105	MONDO:0003820
NANDO:2200352	MONDO:0003924
NANDO:1200345	MONDO:0003947
NANDO:2200718	MONDO:0003947
NANDO:1200871	MONDO:0003964
NANDO:2201020	MONDO:0003964
NANDO:2200068	MONDO:0003989
NANDO:2200084	MONDO:0004000
NANDO:2200034	MONDO:0004380
NANDO:2200329	MONDO:0004425
NANDO:2200437	MONDO:0004471
NANDO:2200070	MONDO:0004491
NANDO:2200474	MONDO:0004737
NANDO:1200802	MONDO:0004739
NANDO:2200206	MONDO:0004822
NANDO:2200078	MONDO:0004974
NANDO:2200127	MONDO:0004978
NANDO:2200306	MONDO:0004978
NANDO:2200226	MONDO:0004981
NANDO:2200051	MONDO:0004997
NANDO:2200936	MONDO:0005009
NANDO:2200618	MONDO:0005010
NANDO:1200444	MONDO:0005011
NANDO:2200921	MONDO:0005011
NANDO:2200418	MONDO:0005015
NANDO:2200248	MONDO:0005068
NANDO:2200938	MONDO:0005080
NANDO:1200449	MONDO:0005101
NANDO:2200920	MONDO:0005101
NANDO:2200058	MONDO:0005102
NANDO:2200077	MONDO:0005105
NANDO:2200810	MONDO:0005109
NANDO:1200387	MONDO:0005152
NANDO:2200937	MONDO:0005155
NANDO:2200294	MONDO:0005160
NANDO:1200010	MONDO:0005180
NANDO:1200174	MONDO:0005181
NANDO:2200070	MONDO:0005207
NANDO:1200023	MONDO:0005301
NANDO:2200904	MONDO:0005301
NANDO:1200870	MONDO:0005306
NANDO:2200225	MONDO:0005310
NANDO:1200024	MONDO:0005314
NANDO:1200366	MONDO:0005342
NANDO:2200121	MONDO:0005342
NANDO:1200722	MONDO:0005363
NANDO:2200113	MONDO:0005363
NANDO:2200328	MONDO:0005364
NANDO:2200396	MONDO:0005369
NANDO:1200721	MONDO:0005376
NANDO:2200114	MONDO:0005376
NANDO:1200186	MONDO:0005429
NANDO:2200383	MONDO:0005437
NANDO:1200781	MONDO:0005520
NANDO:2200401	MONDO:0005520
NANDO:2200128	MONDO:0005556
NANDO:2200336	MONDO:0005624
NANDO:2200627	MONDO:0005775
NANDO:2200322	MONDO:0005804
NANDO:1200668	MONDO:0005810
NANDO:2200976	MONDO:0005810
NANDO:2200035	MONDO:0005813
NANDO:2200465	MONDO:0005827
NANDO:1200963	MONDO:0005852
NANDO:2200302	MONDO:0005852
NANDO:2200303	MONDO:0005852
NANDO:1200372	MONDO:0005965
NANDO:2200300	MONDO:0005997
NANDO:2200179	MONDO:0006007
NANDO:1200386	MONDO:0006238
NANDO:2200039	MONDO:0006412
NANDO:2200107	MONDO:0006444
NANDO:1200234	MONDO:0006541
NANDO:2201000	MONDO:0006541
NANDO:1200858	MONDO:0006573
NANDO:2200404	MONDO:0006573
NANDO:1200228	MONDO:0006594
NANDO:1200251	MONDO:0006656
NANDO:2200362	MONDO:0006657
NANDO:2200905	MONDO:0006702
NANDO:2200239	MONDO:0006711
NANDO:1200437	MONDO:0006786
NANDO:1200376	MONDO:0006802
NANDO:2200323	MONDO:0006802
NANDO:1200388	MONDO:0006823
NANDO:2200386	MONDO:0006823
NANDO:1200720	MONDO:0006835
NANDO:2200112	MONDO:0006835
NANDO:2200304	MONDO:0006936
NANDO:2200141	MONDO:0006947
NANDO:2200277	MONDO:0006987
NANDO:1200194	MONDO:0007012
NANDO:1201003	MONDO:0007275
NANDO:1200867	MONDO:0009726
NANDO:2200048	MONDO:0009807
NANDO:1200430	MONDO:0011705
NANDO:2200264	MONDO:0011827
NANDO:2200809	MONDO:0012268
NANDO:2200855	MONDO:0015358
NANDO:1200496	MONDO:0016110
NANDO:1200510	MONDO:0016227
NANDO:1200028	MONDO:0016430
NANDO:2200767	MONDO:0016463
NANDO:2200467	MONDO:0016543
NANDO:1200629	MONDO:0017015
NANDO:2200031	MONDO:0017025
NANDO:2200031	MONDO:0017029
NANDO:1200610	MONDO:0017266
NANDO:2200987	MONDO:0017266
NANDO:1200681	MONDO:0017393
NANDO:2200982	MONDO:0017393
NANDO:1200824	MONDO:0017693
NANDO:1200454	MONDO:0018438
NANDO:2200807	MONDO:0018438
NANDO:1200426	MONDO:0018554
NANDO:1200192	MONDO:0018686
NANDO:1200019	MONDO:0018778
NANDO:1200183	MONDO:0018792
NANDO:2200850	MONDO:0018792
NANDO:2200067	MONDO:0018843
NANDO:1201001	MONDO:0019172
NANDO:1200802	MONDO:0019217
NANDO:2200619	MONDO:0020135
NANDO:1200889	MONDO:0020338
NANDO:2200613	MONDO:0020338
NANDO:2200902	MONDO:0020640
NANDO:1200367	MONDO:0020642
NANDO:2200152	MONDO:0020642
NANDO:1200225	MONDO:0021061
NANDO:1200226	MONDO:0021061
NANDO:1200227	MONDO:0021061
NANDO:2201003	MONDO:0021061
NANDO:2200236	MONDO:0021209
NANDO:2200262	MONDO:0021902
NANDO:1200438	MONDO:0021969
NANDO:2200938	MONDO:0021969
NANDO:1200240	MONDO:0022205
NANDO:2201001	MONDO:0022205
NANDO:1200011	MONDO:0022308
NANDO:1200683	MONDO:0022762
NANDO:2200860	MONDO:0023204
NANDO:2200322	MONDO:0023209
NANDO:1200841	MONDO:0023258
NANDO:2200471	MONDO:0023419
NANDO:1200781	MONDO:0024299
NANDO:2200401	MONDO:0024299
NANDO:1200779	MONDO:0024300
NANDO:2200322	MONDO:0024305
NANDO:2200682	MONDO:0024574
NANDO:2200398	MONDO:0024677
NANDO:2200306	MONDO:0042981
NANDO:1200275	MONDO:0043317
NANDO:2200351	MONDO:0043472
NANDO:1200346	MONDO:0045045
NANDO:1200595	MONDO:0100025
NANDO:2200588	MONDO:0000721
NANDO:2200681	MONDO:0002241
NANDO:1200438	MONDO:0037251
NANDO:2200938	MONDO:0037251
NANDO:1200811	MONDO:0037939
NANDO:2200610	MONDO:0037939
NANDO:1200884	MONDO:0007864
NANDO:2200418	MONDO:0008054
NANDO:2200419	MONDO:0008054
NANDO:1200219	MONDO:0008117
NANDO:1200901	MONDO:0008283
NANDO:1200708	MONDO:0008343
NANDO:2200252	MONDO:0008343
NANDO:1200751	MONDO:0008346
NANDO:2200207	MONDO:0008346
NANDO:2200409	MONDO:0008487
NANDO:1200558	MONDO:0008503
NANDO:1200266	MONDO:0008889
NANDO:1200151	MONDO:0008956
NANDO:1200305	MONDO:0020108
NANDO:2200620	MONDO:0020108
NANDO:2200821	MONDO:0009072
NANDO:2200235	MONDO:0009169
NANDO:2200927	MONDO:0009275
NANDO:1200718	MONDO:0009303
NANDO:2200125	MONDO:0009303
NANDO:2200973	MONDO:0009318
NANDO:2200140	MONDO:0009366
NANDO:1200171	MONDO:0009410
NANDO:1200411	MONDO:0009410
NANDO:1200412	MONDO:0009410
NANDO:2200359	MONDO:0009410
NANDO:2200360	MONDO:0009410
NANDO:1200424	MONDO:0009537
NANDO:1200020	MONDO:0009688
NANDO:2200906	MONDO:0009688
NANDO:1200752	MONDO:0009763
NANDO:1200909	MONDO:0009774
NANDO:1200869	MONDO:0009813
NANDO:2200438	MONDO:0009813
NANDO:1200195	MONDO:0009835
NANDO:2200899	MONDO:0009835
NANDO:1200422	MONDO:0009887
NANDO:1200423	MONDO:0009887
NANDO:2200347	MONDO:0010012
NANDO:1200279	MONDO:0010030
NANDO:2200420	MONDO:0010030
NANDO:2200963	MONDO:0010336
NANDO:1200562	MONDO:0010568
NANDO:2200919	MONDO:0010778
NANDO:1200779	MONDO:0010931
NANDO:1200579	MONDO:0011147
NANDO:1200371	MONDO:0011230
NANDO:1201003	MONDO:0011340
NANDO:2200437	MONDO:0011438
NANDO:1200706	MONDO:0011514
NANDO:1200962	MONDO:0011514
NANDO:2200251	MONDO:0011514
NANDO:2200031	MONDO:0018310
NANDO:1200689	MONDO:0012176
NANDO:2200434	MONDO:0012281
NANDO:1200747	MONDO:0012579
NANDO:1200748	MONDO:0012579
NANDO:1200532	MONDO:0012603
NANDO:1200429	MONDO:0013024
NANDO:2200653	MONDO:0008556
NANDO:2200179	MONDO:0008653
NANDO:1200183	MONDO:0009649
NANDO:2200850	MONDO:0009649
NANDO:1200707	MONDO:0009931
NANDO:2200253	MONDO:0009931
NANDO:1200533	MONDO:0012629
NANDO:2200074	MONDO:0015075
NANDO:1200816	MONDO:0015104
NANDO:1200171	MONDO:0015129
NANDO:1200411	MONDO:0015129
NANDO:2200359	MONDO:0015129
NANDO:2200360	MONDO:0015129
NANDO:1200053	MONDO:0015149
NANDO:1200054	MONDO:0015150
NANDO:1200925	MONDO:0015175
NANDO:2200943	MONDO:0015175
NANDO:2200944	MONDO:0015183
NANDO:2200293	MONDO:0015197
NANDO:1200421	MONDO:0015264
NANDO:1200745	MONDO:0015265
NANDO:2200209	MONDO:0015265
NANDO:2200173	MONDO:0015268
NANDO:2200269	MONDO:0015273
NANDO:1200661	MONDO:0015369
NANDO:2200824	MONDO:0015369
NANDO:1201004	MONDO:0015395
NANDO:1200879	MONDO:0015408
NANDO:1200597	MONDO:0015436
NANDO:2200263	MONDO:0015450
NANDO:1200704	MONDO:0015451
NANDO:1200820	MONDO:0015454
NANDO:2200500	MONDO:0015454
NANDO:1200971	MONDO:0015515
NANDO:2200888	MONDO:0015518
NANDO:2200037	MONDO:0015534
NANDO:2200032	MONDO:0015540
NANDO:1200600	MONDO:0015584
NANDO:2200903	MONDO:0015584
NANDO:1200622	MONDO:0015611
NANDO:2200997	MONDO:0015611
NANDO:1200016	MONDO:0015626
NANDO:2200855	MONDO:0015626
NANDO:2200039	MONDO:0044354
NANDO:2200067	MONDO:0005440
NANDO:1200153	MONDO:0015674
NANDO:2200806	MONDO:0015691
NANDO:2200933	MONDO:0015762
NANDO:1200383	MONDO:0015770
NANDO:1200375	MONDO:0015790
NANDO:2200324	MONDO:0015790
NANDO:2200068	MONDO:0015863
NANDO:2200071	MONDO:0015864
NANDO:2200321	MONDO:0015892
NANDO:1200775	MONDO:0015895
NANDO:2200345	MONDO:0015895
NANDO:1200396	MONDO:0015898
NANDO:1200295	MONDO:0015909
NANDO:1200425	MONDO:0015924
NANDO:1200264	MONDO:0015943
NANDO:2200427	MONDO:0015943
NANDO:1200609	MONDO:0015947
NANDO:2200767	MONDO:0015977
NANDO:2200158	MONDO:0015988
NANDO:1200677	MONDO:0016006
NANDO:2200832	MONDO:0016006
NANDO:1200598	MONDO:0016019
NANDO:2200900	MONDO:0016019
NANDO:1200310	MONDO:0016030
NANDO:2200232	MONDO:0005021
NANDO:1200286	MONDO:0005045
NANDO:1200288	MONDO:0005045
NANDO:2200229	MONDO:0005045
NANDO:2200045	MONDO:0005086
NANDO:2200941	MONDO:0009044
NANDO:1200187	MONDO:0016079
NANDO:2200586	MONDO:0016088
NANDO:1200495	MONDO:0016107
NANDO:2200864	MONDO:0016107
NANDO:1200001	MONDO:0016113
NANDO:1200823	MONDO:0016118
NANDO:1200457	MONDO:0016129
NANDO:1200465	MONDO:0016168
NANDO:2200432	MONDO:0016168
NANDO:1200161	MONDO:0016239
NANDO:2200571	MONDO:0016239
NANDO:1200473	MONDO:0016244
NANDO:2200131	MONDO:0016244
NANDO:2200132	MONDO:0016244
NANDO:2200641	MONDO:0016244
NANDO:1200441	MONDO:0016264
NANDO:2200928	MONDO:0016264
NANDO:1200150	MONDO:0016295
NANDO:2200573	MONDO:0016295
NANDO:2200819	MONDO:0016296
NANDO:2200259	MONDO:0016301
NANDO:1200205	MONDO:0016318
NANDO:1200949	MONDO:0016318
NANDO:1200292	MONDO:0005201
NANDO:1200285	MONDO:0016333
NANDO:2200822	MONDO:0016349
NANDO:1200274	MONDO:0016367
NANDO:1200275	MONDO:0016367
NANDO:2200418	MONDO:0016367
NANDO:2200463	MONDO:0016391
NANDO:2200159	MONDO:0016407
NANDO:2200332	MONDO:0016410
NANDO:2200340	MONDO:0016410
NANDO:2200041	MONDO:0005035
NANDO:1200351	MONDO:0010627
NANDO:2200725	MONDO:0010627
NANDO:1200543	MONDO:0016594
NANDO:1200978	MONDO:0016602
NANDO:2200483	MONDO:0016602
NANDO:1200642	MONDO:0016620
NANDO:2201004	MONDO:0016620
NANDO:2200085	MONDO:0016686
NANDO:2200084	MONDO:0016691
NANDO:2200092	MONDO:0016723
NANDO:2200097	MONDO:0016730
NANDO:2200098	MONDO:0016730
NANDO:2200096	MONDO:0016733
NANDO:2200103	MONDO:0002546
NANDO:1200959	MONDO:0012455
NANDO:1200516	MONDO:0016812
NANDO:1200492	MONDO:0016830
NANDO:2200857	MONDO:0016830
NANDO:1200958	MONDO:0016952
NANDO:1200490	MONDO:0016971
NANDO:2200858	MONDO:0016971
NANDO:1200013	MONDO:0016987
NANDO:1200874	MONDO:0017042
NANDO:1200509	MONDO:0017069
NANDO:2200814	MONDO:0017069
NANDO:2200813	MONDO:0017079
NANDO:2200298	MONDO:0017147
NANDO:2200407	MONDO:0017169
NANDO:1200577	MONDO:0017226
NANDO:1200714	MONDO:0017236
NANDO:1200723	MONDO:0017236
NANDO:1200615	MONDO:0017265
NANDO:2200991	MONDO:0017265
NANDO:1200548	MONDO:0017276
NANDO:1200923	MONDO:0017287
NANDO:1200924	MONDO:0017287
NANDO:2200890	MONDO:0017361
NANDO:1200033	MONDO:0017364
NANDO:2200916	MONDO:0017380
NANDO:1200355	MONDO:0017570
NANDO:2200755	MONDO:0017570
NANDO:1200458	MONDO:0017574
NANDO:1200235	MONDO:0017610
NANDO:1200236	MONDO:0017612
NANDO:2200436	MONDO:0017708
NANDO:1200070	MONDO:0017720
NANDO:2200559	MONDO:0017720
NANDO:1200116	MONDO:0017734
NANDO:2200556	MONDO:0017734
NANDO:1200134	MONDO:0017779
NANDO:1200209	MONDO:0017816
NANDO:2200278	MONDO:0017870
NANDO:1200506	MONDO:0017987
NANDO:1200212	MONDO:0018018
NANDO:1200340	MONDO:0018037
NANDO:2200713	MONDO:0018037
NANDO:2200648	MONDO:0018048
NANDO:2200964	MONDO:0018068
NANDO:2200963	MONDO:0018071
NANDO:1200840	MONDO:0002413
NANDO:2200538	MONDO:0002413
NANDO:2200170	MONDO:0008264
NANDO:1200710	MONDO:0018089
NANDO:2200256	MONDO:0018089
NANDO:2200257	MONDO:0018090
NANDO:2200588	MONDO:0018106
NANDO:1200066	MONDO:0018149
NANDO:2200558	MONDO:0018149
NANDO:1200056	MONDO:0018150
NANDO:2200562	MONDO:0018150
NANDO:2200038	MONDO:0018153
NANDO:2200523	MONDO:0018158
NANDO:2200087	MONDO:0018177
NANDO:2200914	MONDO:0018178
NANDO:2200544	MONDO:0018251
NANDO:1200743	MONDO:0018301
NANDO:2200503	MONDO:0002474
NANDO:1200640	MONDO:0018306
NANDO:2200106	MONDO:0018369
NANDO:2200156	MONDO:0018470
NANDO:1200396	MONDO:0018479
NANDO:1200397	MONDO:0018479
NANDO:2200370	MONDO:0018479
NANDO:1200749	MONDO:0018483
NANDO:2200624	MONDO:0018484
NANDO:2200882	MONDO:0018484
NANDO:1200353	MONDO:0018542
NANDO:2200745	MONDO:0018542
NANDO:1200165	MONDO:0018544
NANDO:2200576	MONDO:0018544
NANDO:1200656	MONDO:0018570
NANDO:2201012	MONDO:0018570
NANDO:2200333	MONDO:0018612
NANDO:2200334	MONDO:0018612
NANDO:2200367	MONDO:0018638
NANDO:1200928	MONDO:0018645
NANDO:1200440	MONDO:0018646
NANDO:2200929	MONDO:0018646
NANDO:2200046	MONDO:0018666
NANDO:1200930	MONDO:0018671
NANDO:1200918	MONDO:0007318
NANDO:2200931	MONDO:0007318
NANDO:1200270	MONDO:0018737
NANDO:1200634	MONDO:0018746
NANDO:1200635	MONDO:0018747
NANDO:2200312	MONDO:0018762
NANDO:2200934	MONDO:0018808
NANDO:2200437	MONDO:0018824
NANDO:1200574	MONDO:0018838
NANDO:2200817	MONDO:0018838
NANDO:1200078	MONDO:0018868
NANDO:2200560	MONDO:0018868
NANDO:2200009	MONDO:0018872
NANDO:2200011	MONDO:0018872
NANDO:2200816	MONDO:0042727
NANDO:1200316	MONDO:0018896
NANDO:2200649	MONDO:0018896
NANDO:1200725	MONDO:0018904
NANDO:2200123	MONDO:0018904
NANDO:1200094	MONDO:0001586
NANDO:1200095	MONDO:0001586
NANDO:1200096	MONDO:0001586
NANDO:2200064	MONDO:0005058
NANDO:1200637	MONDO:0018910
NANDO:1200641	MONDO:0018910
NANDO:2200986	MONDO:0018910
NANDO:1200379	MONDO:0018912
NANDO:2200350	MONDO:0018912
NANDO:2200354	MONDO:0018912
NANDO:1200307	MONDO:0018922
NANDO:2200618	MONDO:0018922
NANDO:1200125	MONDO:0018931
NANDO:2200568	MONDO:0018931
NANDO:1200100	MONDO:0018937
NANDO:1200101	MONDO:0018937
NANDO:1200102	MONDO:0018937
NANDO:1200103	MONDO:0018937
NANDO:1200104	MONDO:0018937
NANDO:1200105	MONDO:0018938
NANDO:1200106	MONDO:0018938
NANDO:1200107	MONDO:0018938
NANDO:1200021	MONDO:0018940
NANDO:1200481	MONDO:0018947
NANDO:1200482	MONDO:0018947
NANDO:2200867	MONDO:0018947
NANDO:2200871	MONDO:0018948
NANDO:1200216	MONDO:0018949
NANDO:1200478	MONDO:0018958
NANDO:2200869	MONDO:0018958
NANDO:2200202	MONDO:0018959
NANDO:1200712	MONDO:0018965
NANDO:2200126	MONDO:0018965
NANDO:1200231	MONDO:0018974
NANDO:1200031	MONDO:0018979
NANDO:1200063	MONDO:0018982
NANDO:1200018	MONDO:0018993
NANDO:1200055	MONDO:0002561
NANDO:2200057	MONDO:0002728
NANDO:1200173	MONDO:0004069
NANDO:2200065	MONDO:0005060
NANDO:2200855	MONDO:0018995
NANDO:1200852	MONDO:0018999
NANDO:2200406	MONDO:0019003
NANDO:2200140	MONDO:0019005
NANDO:2200170	MONDO:0019005
NANDO:1200017	MONDO:0019011
NANDO:1200873	MONDO:0019019
NANDO:2201011	MONDO:0019019
NANDO:2200082	MONDO:0019035
NANDO:1200009	MONDO:0019037
NANDO:1200758	MONDO:0019053
NANDO:1200052	MONDO:0019064
NANDO:2200842	MONDO:0000456
NANDO:2200056	MONDO:0005212
NANDO:1200456	MONDO:0005361
NANDO:1200027	MONDO:0019100
NANDO:1200262	MONDO:0019124
NANDO:2200426	MONDO:0019124
NANDO:1200283	MONDO:0019125
NANDO:2200428	MONDO:0019125
NANDO:1200276	MONDO:0019127
NANDO:2200419	MONDO:0019127
NANDO:1200811	MONDO:0019142
NANDO:2200610	MONDO:0019142
NANDO:2200759	MONDO:0019146
NANDO:1200381	MONDO:0019165
NANDO:2200419	MONDO:0019168
NANDO:2200518	MONDO:0019169
NANDO:1200261	MONDO:0019170
NANDO:1200461	MONDO:0019188
NANDO:2200955	MONDO:0019188
NANDO:1200929	MONDO:0019191
NANDO:1200860	MONDO:0019193
NANDO:1200420	MONDO:0019203
NANDO:1200551	MONDO:0019208
NANDO:1200759	MONDO:0019234
NANDO:2200575	MONDO:0019234
NANDO:2200547	MONDO:0019249
NANDO:2200548	MONDO:0019249
NANDO:2200549	MONDO:0019249
NANDO:2200550	MONDO:0019249
NANDO:2200551	MONDO:0019249
NANDO:2200552	MONDO:0019249
NANDO:1200155	MONDO:0019260
NANDO:1200152	MONDO:0019261
NANDO:1200154	MONDO:0019262
NANDO:2200915	MONDO:0021055
NANDO:1200278	MONDO:0005854
NANDO:2200430	MONDO:0005854
NANDO:1200618	MONDO:0019269
NANDO:1200638	MONDO:0019312
NANDO:1200232	MONDO:0019322
NANDO:1200233	MONDO:0019323
NANDO:1200230	MONDO:0019324
NANDO:2200127	MONDO:0019344
NANDO:2200029	MONDO:0004977
NANDO:2200892	MONDO:0005715
NANDO:2200034	MONDO:0005764
NANDO:1200282	MONDO:0019355
NANDO:1200146	MONDO:0019366
NANDO:2200572	MONDO:0019366
NANDO:2200622	MONDO:0019395
NANDO:1200510	MONDO:0019399
NANDO:1200885	MONDO:0019403
NANDO:2200615	MONDO:0019403
NANDO:1200211	MONDO:0019438
NANDO:2200031	MONDO:0019450
NANDO:2200017	MONDO:0019460
NANDO:2200018	MONDO:0019460
NANDO:2200027	MONDO:0019472
NANDO:2200036	MONDO:0019480
NANDO:1200596	MONDO:0019485
NANDO:2200410	MONDO:0019499
NANDO:1200941	MONDO:0019501
NANDO:2200619	MONDO:0019533
NANDO:1200309	MONDO:0019534
NANDO:1200277	MONDO:0005100
NANDO:2200429	MONDO:0005100
NANDO:2200682	MONDO:0019565
NANDO:2200395	MONDO:0019610
NANDO:1200419	MONDO:0019622
NANDO:1200365	MONDO:0019623
NANDO:2200795	MONDO:0019623
NANDO:2200161	MONDO:0019638
NANDO:2200419	MONDO:0019734
NANDO:1201005	MONDO:0019754
NANDO:1200509	MONDO:0019773
NANDO:2200814	MONDO:0019773
NANDO:2200923	MONDO:0019787
NANDO:1200667	MONDO:0019796
NANDO:2200844	MONDO:0019796
NANDO:2200195	MONDO:0019804
NANDO:1200246	MONDO:0019810
NANDO:2201007	MONDO:0019810
NANDO:1200962	MONDO:0019813
NANDO:1200416	MONDO:0002429
NANDO:2200199	MONDO:0002429
NANDO:2200024	MONDO:0004952
NANDO:1200477	MONDO:0019952
NANDO:2200397	MONDO:0019959
NANDO:2200394	MONDO:0019960
NANDO:1200776	MONDO:0019992
NANDO:2200349	MONDO:0019992
NANDO:2200280	MONDO:0020064
NANDO:1200645	MONDO:0020066
NANDO:2200607	MONDO:0020066
NANDO:1200953	MONDO:0020074
NANDO:1200861	MONDO:0020088
NANDO:2200623	MONDO:0020102
NANDO:1200486	MONDO:0020121
NANDO:2200095	MONDO:0006373
NANDO:2200079	MONDO:0006451
NANDO:2200021	MONDO:0020325
NANDO:1200963	MONDO:0020398
NANDO:2200274	MONDO:0020428
NANDO:1200899	MONDO:0020460
NANDO:2200314	MONDO:0020479
NANDO:2200365	MONDO:0020489
NANDO:2200812	MONDO:0020547
NANDO:1200998	MONDO:0017198
NANDO:2201013	MONDO:0017198
NANDO:2200889	MONDO:0017381
NANDO:2200595	MONDO:0100064
NANDO:2200679	MONDO:0020587
NANDO:1200611	MONDO:0020702
NANDO:2200988	MONDO:0020702
NANDO:2200684	MONDO:0044744
NANDO:2200936	MONDO:0018840
NANDO:2200272	MONDO:0020453
NANDO:1200588	MONDO:0020476
NANDO:2200018	MONDO:0020743
NANDO:1200011	MONDO:0022880
NANDO:1200913	MONDO:0028737
NANDO:2200930	MONDO:0028737
NANDO:2200884	MONDO:0044811
NANDO:2200019	MONDO:0044873
NANDO:2200692	MONDO:0044903
NANDO:2200023	MONDO:0044917
NANDO:1200334	MONDO:0000133
NANDO:2200708	MONDO:0000133
NANDO:1200215	MONDO:0000355
NANDO:2200862	MONDO:0000355
NANDO:1200936	MONDO:0000455
NANDO:1200522	MONDO:0000903
NANDO:1200491	MONDO:0001347
NANDO:1200368	MONDO:0004691
NANDO:2200153	MONDO:0004691
NANDO:1200705	MONDO:0004933
NANDO:2200249	MONDO:0004933
NANDO:1200002	MONDO:0004976
NANDO:2200044	MONDO:0005006
NANDO:2200655	MONDO:0005029
NANDO:2200040	MONDO:0005072
NANDO:2200060	MONDO:0005164
NANDO:1200439	MONDO:0005388
NANDO:2200049	MONDO:0005508
NANDO:2201014	MONDO:0005508
NANDO:2201015	MONDO:0005508
NANDO:1200911	MONDO:0005711
NANDO:2200210	MONDO:0005711
NANDO:1200430	MONDO:0006277
NANDO:2200396	MONDO:0006689
NANDO:1200675	MONDO:0007029
NANDO:2200185	MONDO:0007032
NANDO:1200877	MONDO:0007037
NANDO:2201009	MONDO:0007037
NANDO:1200227	MONDO:0007039
NANDO:1200667	MONDO:0007041
NANDO:2200844	MONDO:0007041
NANDO:2200848	MONDO:0007042
NANDO:1200323	MONDO:0007064
NANDO:2200696	MONDO:0007064
NANDO:1200214	MONDO:0007100
NANDO:1200888	MONDO:0007109
NANDO:2200828	MONDO:0007187
NANDO:1200284	MONDO:0007191
NANDO:1200611	MONDO:0007239
NANDO:2200988	MONDO:0007239
NANDO:2200755	MONDO:0007293
NANDO:1200479	MONDO:0007294
NANDO:2200870	MONDO:0007294
NANDO:1200044	MONDO:0007296
NANDO:2200444	MONDO:0007315
NANDO:1200519	MONDO:0007326
NANDO:1200365	MONDO:0007361
NANDO:2200795	MONDO:0007361
NANDO:1200813	MONDO:0007369
NANDO:2200624	MONDO:0007374
NANDO:2200882	MONDO:0007374
NANDO:1200684	MONDO:0007404
NANDO:2200961	MONDO:0007404
NANDO:1200666	MONDO:0007405
NANDO:2200845	MONDO:0007405
NANDO:1200545	MONDO:0007432
NANDO:1200043	MONDO:0007435
NANDO:1200375	MONDO:0007450
NANDO:2200324	MONDO:0007450
NANDO:2200884	MONDO:0007492
NANDO:1200521	MONDO:0007494
NANDO:2200885	MONDO:0007495
NANDO:1200524	MONDO:0007496
NANDO:1200646	MONDO:0007522
NANDO:1200650	MONDO:0007525
NANDO:2200405	MONDO:0007540
NANDO:2200970	MONDO:0007542
NANDO:1200237	MONDO:0007549
NANDO:1200871	MONDO:0007606
NANDO:2201020	MONDO:0007606
NANDO:1200190	MONDO:0007656
NANDO:1200665	MONDO:0007716
NANDO:1200472	MONDO:0007727
NANDO:2200433	MONDO:0007727
NANDO:1200012	MONDO:0007739
NANDO:2201010	MONDO:0007793
NANDO:1200613	MONDO:0007813
NANDO:2201019	MONDO:0007875
NANDO:2200465	MONDO:0007906
NANDO:2200865	MONDO:0007931
NANDO:1200459	MONDO:0007960
NANDO:2200947	MONDO:0007960
NANDO:1200559	MONDO:0008006
NANDO:2200980	MONDO:0008006
NANDO:1200220	MONDO:0008029
NANDO:1200967	MONDO:0008061
NANDO:2200132	MONDO:0008061
NANDO:2200103	MONDO:0008075
NANDO:1200354	MONDO:0008090
NANDO:2200334	MONDO:0008090
NANDO:2200746	MONDO:0008090
NANDO:2200764	MONDO:0008094
NANDO:1200493	MONDO:0008116
NANDO:1200045	MONDO:0008119
NANDO:1200047	MONDO:0008120
NANDO:2200049	MONDO:0008145
NANDO:2201015	MONDO:0008145
NANDO:1200921	MONDO:0008185
NANDO:2200942	MONDO:0008185
NANDO:1200501	MONDO:0008195
NANDO:1200547	MONDO:0008201
NANDO:1200631	MONDO:0008218
NANDO:2200472	MONDO:0008221
NANDO:1200827	MONDO:0008222
NANDO:2200406	MONDO:0008234
NANDO:1200239	MONDO:0008260
NANDO:2200916	MONDO:0008276
NANDO:2200917	MONDO:0008280
NANDO:1200812	MONDO:0008294
NANDO:1200816	MONDO:0008296
NANDO:1200814	MONDO:0008297
NANDO:1201007	MONDO:0008310
NANDO:2200833	MONDO:0008310
NANDO:2201018	MONDO:0008322
NANDO:2200363	MONDO:0008323
NANDO:1200417	MONDO:0008345
NANDO:1200561	MONDO:0008428
NANDO:2200820	MONDO:0008428
NANDO:1200687	MONDO:0008434
NANDO:2200954	MONDO:0008434
NANDO:1200042	MONDO:0008457
NANDO:1200046	MONDO:0008458
NANDO:1200752	MONDO:0008493
NANDO:1200606	MONDO:0008501
NANDO:2200830	MONDO:0008501
NANDO:2200285	MONDO:0008504
NANDO:1200476	MONDO:0008523
NANDO:2200434	MONDO:0008523
NANDO:1200258	MONDO:0008538
NANDO:1200709	MONDO:0008542
NANDO:2200254	MONDO:0008542
NANDO:1200874	MONDO:0008546
NANDO:1200875	MONDO:0008546
NANDO:1200876	MONDO:0008547
NANDO:1200315	MONDO:0008558
NANDO:2200645	MONDO:0008558
NANDO:1200467	MONDO:0008633
NANDO:1200657	MONDO:0008642
NANDO:2200983	MONDO:0008642
NANDO:2200829	MONDO:0008667
NANDO:2200767	MONDO:0008674
NANDO:1200664	MONDO:0008678
NANDO:2200286	MONDO:0008678
NANDO:2200116	MONDO:0008682
NANDO:1200683	MONDO:0008684
NANDO:2200962	MONDO:0008684
NANDO:1200857	MONDO:0008692
NANDO:2200604	MONDO:0008692
NANDO:1200013	MONDO:0008695
NANDO:1200014	MONDO:0008695
NANDO:2200584	MONDO:0008713
NANDO:2200355	MONDO:0008720
NANDO:2200513	MONDO:0008721
NANDO:2200514	MONDO:0008722
NANDO:2200512	MONDO:0008723
NANDO:2200371	MONDO:0008727
NANDO:2200372	MONDO:0008729
NANDO:2200373	MONDO:0008730
NANDO:2200790	MONDO:0008737
NANDO:2200798	MONDO:0008737
NANDO:2200504	MONDO:0008753
NANDO:1200751	MONDO:0008758
NANDO:1200987	MONDO:0008760
NANDO:2200493	MONDO:0008760
NANDO:1200154	MONDO:0008767
NANDO:1200153	MONDO:0008769
NANDO:1201006	MONDO:0008777
NANDO:1200854	MONDO:0008783
NANDO:1200669	MONDO:0008803
NANDO:2200975	MONDO:0008803
NANDO:1200807	MONDO:0008814
NANDO:1200806	MONDO:0008815
NANDO:2200481	MONDO:0008815
NANDO:1200133	MONDO:0008830
NANDO:2200555	MONDO:0008830
NANDO:1200673	MONDO:0008832
NANDO:1200674	MONDO:0008832
NANDO:2200309	MONDO:0008832
NANDO:2200310	MONDO:0008832
NANDO:1200331	MONDO:0008840
NANDO:2200705	MONDO:0008840
NANDO:1200051	MONDO:0008842
NANDO:2200617	MONDO:0008846
NANDO:1200753	MONDO:0008852
NANDO:2200198	MONDO:0008852
NANDO:1200329	MONDO:0008855
NANDO:1200853	MONDO:0008863
NANDO:1200913	MONDO:0008867
NANDO:2200930	MONDO:0008867
NANDO:1200333	MONDO:0008876
NANDO:2200707	MONDO:0008876
NANDO:2200933	MONDO:0008892
NANDO:2200773	MONDO:0008905
NANDO:1200972	MONDO:0008918
NANDO:2200511	MONDO:0008918
NANDO:1200973	MONDO:0008919
NANDO:2200508	MONDO:0008919
NANDO:1200207	MONDO:0008947
NANDO:1200856	MONDO:0008948
NANDO:1200350	MONDO:0008963
NANDO:1200639	MONDO:0008963
NANDO:2200724	MONDO:0008963
NANDO:2200208	MONDO:0008964
NANDO:1200464	MONDO:0008965
NANDO:2200972	MONDO:0008965
NANDO:1200763	MONDO:0008972
NANDO:2200050	MONDO:0008977
NANDO:1200939	MONDO:0008982
NANDO:2200750	MONDO:0008999
NANDO:2200362	MONDO:0009025
NANDO:1200463	MONDO:0009026
NANDO:2200971	MONDO:0009026
NANDO:1200379	MONDO:0009050
NANDO:2200350	MONDO:0009050
NANDO:2200354	MONDO:0009050
NANDO:1200922	MONDO:0009061
NANDO:2200205	MONDO:0009061
NANDO:1200164	MONDO:0009064
NANDO:1200163	MONDO:0009066
NANDO:1200658	MONDO:0009092
NANDO:1200809	MONDO:0009109
NANDO:2200488	MONDO:0009109
NANDO:2200597	MONDO:0009123
NANDO:1200005	MONDO:0009124
NANDO:1200887	MONDO:0009134
NANDO:1200711	MONDO:0009144
NANDO:1200650	MONDO:0009159
NANDO:1200651	MONDO:0009161
NANDO:2200910	MONDO:0009173
NANDO:2200768	MONDO:0009176
NANDO:1200238	MONDO:0009179
NANDO:2200119	MONDO:0009182
NANDO:2200674	MONDO:0009210
NANDO:2200675	MONDO:0009211
NANDO:2200678	MONDO:0009212
NANDO:1200833	MONDO:0009216
NANDO:1200086	MONDO:0009218
NANDO:2200565	MONDO:0009218
NANDO:2200685	MONDO:0009234
NANDO:1200810	MONDO:0009238
NANDO:2200592	MONDO:0009238
NANDO:2200531	MONDO:0009249
NANDO:2200535	MONDO:0009251
NANDO:1200130	MONDO:0009254
NANDO:2200553	MONDO:0009254
NANDO:2200533	MONDO:0009255
NANDO:1200851	MONDO:0009258
NANDO:2200532	MONDO:0009258
NANDO:1200067	MONDO:0009260
NANDO:1200068	MONDO:0009261
NANDO:1200069	MONDO:0009262
NANDO:1200057	MONDO:0009265
NANDO:1200058	MONDO:0009266
NANDO:1200059	MONDO:0009267
NANDO:2200656	MONDO:0009276
NANDO:1200410	MONDO:0009279
NANDO:1200800	MONDO:0009281
NANDO:2200501	MONDO:0009281
NANDO:1200840	MONDO:0009287
NANDO:2200538	MONDO:0009287
NANDO:1200841	MONDO:0009288
NANDO:2200754	MONDO:0009288
NANDO:1200826	MONDO:0009291
NANDO:1200842	MONDO:0009291
NANDO:1200843	MONDO:0009291
NANDO:1200844	MONDO:0009291
NANDO:2200539	MONDO:0009291
NANDO:1200828	MONDO:0009293
NANDO:2200541	MONDO:0009293
NANDO:1200846	MONDO:0009294
NANDO:2200542	MONDO:0009294
NANDO:1200823	MONDO:0009295
NANDO:1200829	MONDO:0009295
NANDO:2200543	MONDO:0009295
NANDO:2200384	MONDO:0009299
NANDO:2200680	MONDO:0009315
NANDO:2200487	MONDO:0009324
NANDO:1200428	MONDO:0009329
NANDO:1200341	MONDO:0009338
NANDO:2200714	MONDO:0009338
NANDO:1200803	MONDO:0009376
NANDO:1200808	MONDO:0009377
NANDO:2200477	MONDO:0009377
NANDO:2200484	MONDO:0009393
NANDO:2200485	MONDO:0009393
NANDO:2200346	MONDO:0009411
NANDO:2200738	MONDO:0009411
NANDO:1200824	MONDO:0009414
NANDO:2200537	MONDO:0009414
NANDO:1200614	MONDO:0009443
NANDO:2200992	MONDO:0009443
NANDO:1200337	MONDO:0009458
NANDO:2200711	MONDO:0009458
NANDO:1200798	MONDO:0009475
NANDO:1200661	MONDO:0009480
NANDO:1200662	MONDO:0009480
NANDO:2200499	MONDO:0009492
NANDO:1200602	MONDO:0009509
NANDO:2200737	MONDO:0009510
NANDO:1200852	MONDO:0009515
NANDO:2200497	MONDO:0009520
NANDO:2200608	MONDO:0009530
NANDO:1200522	MONDO:0009532
NANDO:1200129	MONDO:0009562
NANDO:2200554	MONDO:0009562
NANDO:1200467	MONDO:0009564
NANDO:1200485	MONDO:0009567
NANDO:1200078	MONDO:0009591
NANDO:1200080	MONDO:0009591
NANDO:2200560	MONDO:0009591
NANDO:1200990	MONDO:0009610
NANDO:1200332	MONDO:0009623
NANDO:2200706	MONDO:0009623
NANDO:1200713	MONDO:0009627
NANDO:2200120	MONDO:0009627
NANDO:2200913	MONDO:0009635
NANDO:1200180	MONDO:0009640
NANDO:1200181	MONDO:0009641
NANDO:1200124	MONDO:0009650
NANDO:2200567	MONDO:0009650
NANDO:1200101	MONDO:0009655
NANDO:1200102	MONDO:0009656
NANDO:1200103	MONDO:0009657
NANDO:1200104	MONDO:0009658
NANDO:1200106	MONDO:0009659
NANDO:1200107	MONDO:0009660
NANDO:1200111	MONDO:0009662
NANDO:1200112	MONDO:0009662
NANDO:1200113	MONDO:0009662
NANDO:1200114	MONDO:0009662
NANDO:1200822	MONDO:0009665
NANDO:1200820	MONDO:0009666
NANDO:1200821	MONDO:0009666
NANDO:2200500	MONDO:0009666
NANDO:1200004	MONDO:0009669
NANDO:1200006	MONDO:0009672
NANDO:1200005	MONDO:0009673
NANDO:1200494	MONDO:0009678
NANDO:2200860	MONDO:0009678
NANDO:1200217	MONDO:0009685
NANDO:2200692	MONDO:0009692
NANDO:1200211	MONDO:0009693
NANDO:1200358	MONDO:0009694
NANDO:2200758	MONDO:0009694
NANDO:1200955	MONDO:0009697
NANDO:2200881	MONDO:0009697
NANDO:1200954	MONDO:0009698
NANDO:2200880	MONDO:0009698
NANDO:1200970	MONDO:0009705
NANDO:2200509	MONDO:0009705
NANDO:1200497	MONDO:0009710
NANDO:1200498	MONDO:0009710
NANDO:1200483	MONDO:0009711
NANDO:2200868	MONDO:0009711
NANDO:1200480	MONDO:0009712
NANDO:1200224	MONDO:0009717
NANDO:2200876	MONDO:0009717
NANDO:2200140	MONDO:0009728
NANDO:2200110	MONDO:0009732
NANDO:1200338	MONDO:0009735
NANDO:1200619	MONDO:0009735
NANDO:2200993	MONDO:0009735
NANDO:1200119	MONDO:0009737
NANDO:2200557	MONDO:0009737
NANDO:2200887	MONDO:0009739
NANDO:1200152	MONDO:0009744
NANDO:1200553	MONDO:0009746
NANDO:2200854	MONDO:0009746
NANDO:1200061	MONDO:0009756
NANDO:1200992	MONDO:0009787
NANDO:2200484	MONDO:0009796
NANDO:2200486	MONDO:0009796
NANDO:2200590	MONDO:0009797
NANDO:1200642	MONDO:0009799
NANDO:2201004	MONDO:0009799
NANDO:1200773	MONDO:0009823
NANDO:1200356	MONDO:0009833
NANDO:2200756	MONDO:0009833
NANDO:2200093	MONDO:0009837
NANDO:1200866	MONDO:0009849
NANDO:2200436	MONDO:0009849
NANDO:1200766	MONDO:0009855
NANDO:1200832	MONDO:0009865
NANDO:2200321	MONDO:0009877
NANDO:2200687	MONDO:0009883
NANDO:2200671	MONDO:0009885
NANDO:1200369	MONDO:0009889
NANDO:2200154	MONDO:0009889
NANDO:2200643	MONDO:0009891
NANDO:1200817	MONDO:0009902
NANDO:1200765	MONDO:0009919
NANDO:2200389	MONDO:0009923
NANDO:1200782	MONDO:0009924
NANDO:1200643	MONDO:0009925
NANDO:2200202	MONDO:0009928
NANDO:1200427	MONDO:0009937
NANDO:2201023	MONDO:0009940
NANDO:1200769	MONDO:0009958
NANDO:2200577	MONDO:0009958
NANDO:1200322	MONDO:0009973
NANDO:2200695	MONDO:0009973
NANDO:1200327	MONDO:0010023
NANDO:2200700	MONDO:0010023
NANDO:1200147	MONDO:0010027
NANDO:2200572	MONDO:0010027
NANDO:1200620	MONDO:0010031
NANDO:2200994	MONDO:0010031
NANDO:1200961	MONDO:0010035
NANDO:2200979	MONDO:0010035
NANDO:2200888	MONDO:0010080
NANDO:2200599	MONDO:0010083
NANDO:1200083	MONDO:0010088
NANDO:1200624	MONDO:0010088
NANDO:2200566	MONDO:0010088
NANDO:2200583	MONDO:0010089
NANDO:1200073	MONDO:0010099
NANDO:2200657	MONDO:0010119
NANDO:2200661	MONDO:0010121
NANDO:1200317	MONDO:0010122
NANDO:2200332	MONDO:0010139
NANDO:1200622	MONDO:0010155
NANDO:1200623	MONDO:0010155
NANDO:2200997	MONDO:0010155
NANDO:1200789	MONDO:0010160
NANDO:2200469	MONDO:0010160
NANDO:1200788	MONDO:0010161
NANDO:2200468	MONDO:0010161
NANDO:1200790	MONDO:0010162
NANDO:2200470	MONDO:0010162
NANDO:1200942	MONDO:0010168
NANDO:1200050	MONDO:0010188
NANDO:1200659	MONDO:0010193
NANDO:2200957	MONDO:0010193
NANDO:1200676	MONDO:0010196
NANDO:2200831	MONDO:0010196
NANDO:1200655	MONDO:0010200
NANDO:2200579	MONDO:0010200
NANDO:1200599	MONDO:0010246
NANDO:1200165	MONDO:0010247
NANDO:1200168	MONDO:0010247
NANDO:2200576	MONDO:0010247
NANDO:1200403	MONDO:0010264
NANDO:1200525	MONDO:0010264
NANDO:2200357	MONDO:0010264
NANDO:2200883	MONDO:0010264
NANDO:1200145	MONDO:0010281
NANDO:1200222	MONDO:0010281
NANDO:2200984	MONDO:0010283
NANDO:1200360	MONDO:0010293
NANDO:2200761	MONDO:0010293
NANDO:2200753	MONDO:0010294
NANDO:2200586	MONDO:0010298
NANDO:1200489	MONDO:0010311
NANDO:2200865	MONDO:0010311
NANDO:1200321	MONDO:0010315
NANDO:2200694	MONDO:0010315
NANDO:1200580	MONDO:0010354
NANDO:1200830	MONDO:0010362
NANDO:1200690	MONDO:0010382
NANDO:1200691	MONDO:0010382
NANDO:1200692	MONDO:0010383
NANDO:2200840	MONDO:0010383
NANDO:1200831	MONDO:0010392
NANDO:1200818	MONDO:0010420
NANDO:2200725	MONDO:0010420
NANDO:1200343	MONDO:0010421
NANDO:2200716	MONDO:0010421
NANDO:2200061	MONDO:0010434
NANDO:1200330	MONDO:0010518
NANDO:2200704	MONDO:0010518
NANDO:1200665	MONDO:0010519
NANDO:2200839	MONDO:0010519
NANDO:1200157	MONDO:0010526
NANDO:2200563	MONDO:0010526
NANDO:1200991	MONDO:0010543
NANDO:1200660	MONDO:0010561
NANDO:2200952	MONDO:0010561
NANDO:1200654	MONDO:0010572
NANDO:1200752	MONDO:0010572
NANDO:2200581	MONDO:0010572
NANDO:2200924	MONDO:0010580
NANDO:1200629	MONDO:0010621
NANDO:2200998	MONDO:0010621
NANDO:2200999	MONDO:0010624
NANDO:1200345	MONDO:0010626
NANDO:2200718	MONDO:0010626
NANDO:2200974	MONDO:0010631
NANDO:2200188	MONDO:0010645
NANDO:1200653	MONDO:0010651
NANDO:2200580	MONDO:0010651
NANDO:1200488	MONDO:0010679
NANDO:2200856	MONDO:0010679
NANDO:1200223	MONDO:0010684
NANDO:1200804	MONDO:0010703
NANDO:2200789	MONDO:0010713
NANDO:2200518	MONDO:0010717
NANDO:1200938	MONDO:0010725
NANDO:1200603	MONDO:0010726
NANDO:2200825	MONDO:0010726
NANDO:2200978	MONDO:0010731
NANDO:1200001	MONDO:0010735
NANDO:1200514	MONDO:0010747
NANDO:2200387	MONDO:0010766
NANDO:2200529	MONDO:0010787
NANDO:1200178	MONDO:0010788
NANDO:1200940	MONDO:0010788
NANDO:1200176	MONDO:0010789
NANDO:2200525	MONDO:0010789
NANDO:1200177	MONDO:0010790
NANDO:1200191	MONDO:0010808
NANDO:1200544	MONDO:0010829
NANDO:1200550	MONDO:0010857
NANDO:1200378	MONDO:0010911
NANDO:2200934	MONDO:0010913
NANDO:1200437	MONDO:0010947
NANDO:1200520	MONDO:0010983
NANDO:1200526	MONDO:0011038
NANDO:2200662	MONDO:0011071
NANDO:1200115	MONDO:0011093
NANDO:2200823	MONDO:0011240
NANDO:2200039	MONDO:0011273
NANDO:1200324	MONDO:0011338
NANDO:2200697	MONDO:0011338
NANDO:1200681	MONDO:0011365
NANDO:2200982	MONDO:0011365
NANDO:2200624	MONDO:0011382
NANDO:1200950	MONDO:0011391
NANDO:2200425	MONDO:0011405
NANDO:2200749	MONDO:0011405
NANDO:1200540	MONDO:0011426
NANDO:2200582	MONDO:0011426
NANDO:1200582	MONDO:0011449
NANDO:2200572	MONDO:0011449
NANDO:1200868	MONDO:0011462
NANDO:2200437	MONDO:0011462
NANDO:2200651	MONDO:0011469
NANDO:1200328	MONDO:0011476
NANDO:1200979	MONDO:0011601
NANDO:1200218	MONDO:0011603
NANDO:2200498	MONDO:0011614
NANDO:1200792	MONDO:0011628
NANDO:1200539	MONDO:0011638
NANDO:1200542	MONDO:0011638
NANDO:2200063	MONDO:0011655
NANDO:2200736	MONDO:0011664
NANDO:1200799	MONDO:0011724
NANDO:2200545	MONDO:0011724
NANDO:2200520	MONDO:0011730
NANDO:2200909	MONDO:0011731
NANDO:1200094	MONDO:0011758
NANDO:1200095	MONDO:0011759
NANDO:1200096	MONDO:0011759
NANDO:1200095	MONDO:0011760
NANDO:1200468	MONDO:0011776
NANDO:1200587	MONDO:0011794
NANDO:2200877	MONDO:0011794
NANDO:2200740	MONDO:0011804
NANDO:2200615	MONDO:0011855
NANDO:1200062	MONDO:0011871
NANDO:2200732	MONDO:0011872
NANDO:1200361	MONDO:0011888
NANDO:2200762	MONDO:0011888
NANDO:1200585	MONDO:0011897
NANDO:2200861	MONDO:0011925
NANDO:1200682	MONDO:0011929
NANDO:2200059	MONDO:0011934
NANDO:1200685	MONDO:0011975
NANDO:2200013	MONDO:0011996
NANDO:2200733	MONDO:0011997
NANDO:1200988	MONDO:0012084
NANDO:2200596	MONDO:0012084
NANDO:1200862	MONDO:0012104
NANDO:1200263	MONDO:0012105
NANDO:2200424	MONDO:0012105
NANDO:1200974	MONDO:0012172
NANDO:2200515	MONDO:0012172
NANDO:2200117	MONDO:0012184
NANDO:1200295	MONDO:0012197
NANDO:1200296	MONDO:0012197
NANDO:1200297	MONDO:0012197
NANDO:1200586	MONDO:0012198
NANDO:1200135	MONDO:0012221
NANDO:1200137	MONDO:0012221
NANDO:1200136	MONDO:0012222
NANDO:2200453	MONDO:0012316
NANDO:2200436	MONDO:0012481
NANDO:1200584	MONDO:0012514
NANDO:2200772	MONDO:0012521
NANDO:1200746	MONDO:0012580
NANDO:1200750	MONDO:0012580
NANDO:2200134	MONDO:0012725
NANDO:1200834	MONDO:0012747
NANDO:1200336	MONDO:0012764
NANDO:2200710	MONDO:0012764
NANDO:1200531	MONDO:0012805
NANDO:2200053	MONDO:0012817
NANDO:1200581	MONDO:0012824
NANDO:1200362	MONDO:0012839
NANDO:2200763	MONDO:0012839
NANDO:2200804	MONDO:0012858
NANDO:1200541	MONDO:0012866
NANDO:2200679	MONDO:0012897
NANDO:2200684	MONDO:0012901
NANDO:2200348	MONDO:0012912
NANDO:1200982	MONDO:0012994
NANDO:2200439	MONDO:0013021
NANDO:1200835	MONDO:0013046
NANDO:1200833	MONDO:0013047
NANDO:1200325	MONDO:0013171
NANDO:2200698	MONDO:0013171
NANDO:2200866	MONDO:0013178
NANDO:2200688	MONDO:0013227
NANDO:2200739	MONDO:0013245
NANDO:1200755	MONDO:0013282
NANDO:2200611	MONDO:0013282
NANDO:1200837	MONDO:0013291
NANDO:1200934	MONDO:0013316
NANDO:1200767	MONDO:0013391
NANDO:2200741	MONDO:0013408
NANDO:2200782	MONDO:0013417
NANDO:2200793	MONDO:0013423
NANDO:1200440	MONDO:0013433
NANDO:2200929	MONDO:0013433
NANDO:2200794	MONDO:0013467
NANDO:2200788	MONDO:0013487
NANDO:1200774	MONDO:0013571
NANDO:2200719	MONDO:0013576
NANDO:1200048	MONDO:0013594
NANDO:2200455	MONDO:0013766
NANDO:2200587	MONDO:0013869
NANDO:1200406	MONDO:0013873
NANDO:2200442	MONDO:0013944
NANDO:1200836	MONDO:0013968
NANDO:1200995	MONDO:0014306
NANDO:2200441	MONDO:0014306
NANDO:2200450	MONDO:0014306
NANDO:2200358	MONDO:0014421
NANDO:2200985	MONDO:0014757
NANDO:2200414	MONDO:0015229
NANDO:1200363	MONDO:0015279
NANDO:2200764	MONDO:0015279
NANDO:1200462	MONDO:0015280
NANDO:1200756	MONDO:0015285
NANDO:1200168	MONDO:0015339
NANDO:1200670	MONDO:0015452
NANDO:2200977	MONDO:0015452
NANDO:1200344	MONDO:0015517
NANDO:2200717	MONDO:0015517
NANDO:2200388	MONDO:0015779
NANDO:1200304	MONDO:0015780
NANDO:1200342	MONDO:0015780
NANDO:2200715	MONDO:0015780
NANDO:1200893	MONDO:0015912
NANDO:2200127	MONDO:0015912
NANDO:1200937	MONDO:0015993
NANDO:1200649	MONDO:0016002
NANDO:1200593	MONDO:0016021
NANDO:1200594	MONDO:0016022
NANDO:1200590	MONDO:0016025
NANDO:1200960	MONDO:0016033
NANDO:2200958	MONDO:0016033
NANDO:2200918	MONDO:0016063
NANDO:1200075	MONDO:0016089
NANDO:1200076	MONDO:0016090
NANDO:1200077	MONDO:0016091
NANDO:1200403	MONDO:0016241
NANDO:1200525	MONDO:0016241
NANDO:2200357	MONDO:0016241
NANDO:2200883	MONDO:0016241
NANDO:2200635	MONDO:0016242
NANDO:2200387	MONDO:0016281
NANDO:1200536	MONDO:0016305
NANDO:1200098	MONDO:0016315
NANDO:1200099	MONDO:0016316
NANDO:1200742	MONDO:0016383
NANDO:2200326	MONDO:0016383
NANDO:1200035	MONDO:0016418
NANDO:1200943	MONDO:0016484
NANDO:1200944	MONDO:0016485
NANDO:1200672	MONDO:0016512
NANDO:2200956	MONDO:0016512
NANDO:1200591	MONDO:0016532
NANDO:2200879	MONDO:0016532
NANDO:2200735	MONDO:0016536
NANDO:2200203	MONDO:0016575
NANDO:2200204	MONDO:0016575
NANDO:1200240	MONDO:0016597
NANDO:1200980	MONDO:0016603
NANDO:2200094	MONDO:0016642
NANDO:2200086	MONDO:0016684
NANDO:2200085	MONDO:0016688
NANDO:2200089	MONDO:0016695
NANDO:2200088	MONDO:0016698
NANDO:1200183	MONDO:0016820
NANDO:2200850	MONDO:0016820
NANDO:1200867	MONDO:0016849
NANDO:1200549	MONDO:0017160
NANDO:1200109	MONDO:0017171
NANDO:1200110	MONDO:0017172
NANDO:1200648	MONDO:0017314
NANDO:2200630	MONDO:0017319
NANDO:2200536	MONDO:0017320
NANDO:1200595	MONDO:0017385
NANDO:2200792	MONDO:0017398
NANDO:1200079	MONDO:0017729
NANDO:1200081	MONDO:0017730
NANDO:1200127	MONDO:0017732
NANDO:1200128	MONDO:0017733
NANDO:1200148	MONDO:0017737
NANDO:1200605	MONDO:0017746
NANDO:1200617	MONDO:0017778
NANDO:1200867	MONDO:0017959
NANDO:1200867	MONDO:0017960
NANDO:1200352	MONDO:0017979
NANDO:2200726	MONDO:0017979
NANDO:2200221	MONDO:0017990
NANDO:1200251	MONDO:0017991
NANDO:2200423	MONDO:0017991
NANDO:1200541	MONDO:0017999
NANDO:2200681	MONDO:0018029
NANDO:1200627	MONDO:0018053
NANDO:1200693	MONDO:0018072
NANDO:1200863	MONDO:0018088
NANDO:1200592	MONDO:0018097
NANDO:2200878	MONDO:0018097
NANDO:1200757	MONDO:0018105
NANDO:1200008	MONDO:0018155
NANDO:1200552	MONDO:0018198
NANDO:2200901	MONDO:0018198
NANDO:1200555	MONDO:0018209
NANDO:1200556	MONDO:0018210
NANDO:1200245	MONDO:0018229
NANDO:2201006	MONDO:0018229
NANDO:1200357	MONDO:0018305
NANDO:2200757	MONDO:0018305
NANDO:1200903	MONDO:0018309
NANDO:2200945	MONDO:0018309
NANDO:1200394	MONDO:0018328
NANDO:1200162	MONDO:0018467
NANDO:1200388	MONDO:0018555
NANDO:1200761	MONDO:0018598
NANDO:1200311	MONDO:0018641
NANDO:1200314	MONDO:0018641
NANDO:2200621	MONDO:0018641
NANDO:2200925	MONDO:0018766
NANDO:1200466	MONDO:0018768
NANDO:1200621	MONDO:0018781
NANDO:2200381	MONDO:0018800
NANDO:1200996	MONDO:0018866
NANDO:2200893	MONDO:0018866
NANDO:1200675	MONDO:0018878
NANDO:1200522	MONDO:0018881
NANDO:2200019	MONDO:0018881
NANDO:1200859	MONDO:0018883
NANDO:2200465	MONDO:0018883
NANDO:2200091	MONDO:0018907
NANDO:2200462	MONDO:0018911
NANDO:2200412	MONDO:0018919
NANDO:1200339	MONDO:0018923
NANDO:1200688	MONDO:0018923
NANDO:2200712	MONDO:0018923
NANDO:1200015	MONDO:0018945
NANDO:2200495	MONDO:0018950
NANDO:2200969	MONDO:0018954
NANDO:1200680	MONDO:0018997
NANDO:2200413	MONDO:0018997
NANDO:2200043	MONDO:0019004
NANDO:2200847	MONDO:0019012
NANDO:1200632	MONDO:0019082
NANDO:1200633	MONDO:0019082
NANDO:2200689	MONDO:0019145
NANDO:1200142	MONDO:0019148
NANDO:1200143	MONDO:0019148
NANDO:2200570	MONDO:0019148
NANDO:1200144	MONDO:0019149
NANDO:1200762	MONDO:0019174
NANDO:1200744	MONDO:0019180
NANDO:1200431	MONDO:0019200
NANDO:1200815	MONDO:0019263
NANDO:1200137	MONDO:0019264
NANDO:1200616	MONDO:0019306
NANDO:1200617	MONDO:0019306
NANDO:1200415	MONDO:0019338
NANDO:1200607	MONDO:0019341
NANDO:2200826	MONDO:0019341
NANDO:1200117	MONDO:0019346
NANDO:1200679	MONDO:0019349
NANDO:2200953	MONDO:0019349
NANDO:2200622	MONDO:0019350
NANDO:1200933	MONDO:0019353
NANDO:1200303	MONDO:0019391
NANDO:1200891	MONDO:0019391
NANDO:1200469	MONDO:0019434
NANDO:1200470	MONDO:0019434
NANDO:1200956	MONDO:0019448
NANDO:1201000	MONDO:0019503
NANDO:1200608	MONDO:0019600
NANDO:2201002	MONDO:0019600
NANDO:1200759	MONDO:0019609
NANDO:1200760	MONDO:0019609
NANDO:2200575	MONDO:0019609
NANDO:1200377	MONDO:0019611
NANDO:1200783	MONDO:0019642
NANDO:1200868	MONDO:0019673
NANDO:1200739	MONDO:0019736
NANDO:1200819	MONDO:0019799
NANDO:2200331	MONDO:0019855
NANDO:2200315	MONDO:0019933
NANDO:2200875	MONDO:0019948
NANDO:2200017	MONDO:0020321
NANDO:1200886	MONDO:0020337
NANDO:1200036	MONDO:0020352
NANDO:2200266	MONDO:0020434
NANDO:2200267	MONDO:0020436
NANDO:1200563	MONDO:0020492
NANDO:2200101	MONDO:0020560
NANDO:1200630	MONDO:0020603
NANDO:1200612	MONDO:0044742
NANDO:2200989	MONDO:0044742
NANDO:1200668	MONDO:0007043
NANDO:2200976	MONDO:0007043
NANDO:1200686	MONDO:0007113
NANDO:2200127	MONDO:0007113
NANDO:2200960	MONDO:0007113
NANDO:1201000	MONDO:0007138
NANDO:2200851	MONDO:0007154
NANDO:1200041	MONDO:0007182
NANDO:1200042	MONDO:0007182
NANDO:2200215	MONDO:0007240
NANDO:2200046	MONDO:0007256
NANDO:2200047	MONDO:0007256
NANDO:1200462	MONDO:0007265
NANDO:1200679	MONDO:0007299
NANDO:2200953	MONDO:0007299
NANDO:1200466	MONDO:0007349
NANDO:1200937	MONDO:0007362
NANDO:2200461	MONDO:0007452
NANDO:2200461	MONDO:0007455
NANDO:1200648	MONDO:0007524
NANDO:2200959	MONDO:0007534
NANDO:2200049	MONDO:0007585
NANDO:2201015	MONDO:0007585
NANDO:1200670	MONDO:0007617
NANDO:2200977	MONDO:0007617
NANDO:1200030	MONDO:0007691
NANDO:2200905	MONDO:0007691
NANDO:2200335	MONDO:0007699
NANDO:1200903	MONDO:0007723
NANDO:2200945	MONDO:0007723
NANDO:1200382	MONDO:0007794
NANDO:1200034	MONDO:0007803
NANDO:1200672	MONDO:0007843
NANDO:2200956	MONDO:0007843
NANDO:1200272	MONDO:0007915
NANDO:2200416	MONDO:0007915
NANDO:1200644	MONDO:0007947
NANDO:2200968	MONDO:0007947
NANDO:1200893	MONDO:0007954
NANDO:2200127	MONDO:0007954
NANDO:2200090	MONDO:0007959
NANDO:1200491	MONDO:0008030
NANDO:1200522	MONDO:0008044
NANDO:1200498	MONDO:0008055
NANDO:2200139	MONDO:0008073
NANDO:1200680	MONDO:0008104
NANDO:2200413	MONDO:0008104
NANDO:2200078	MONDO:0008233
NANDO:1200678	MONDO:0008300
NANDO:2200411	MONDO:0008300
NANDO:1200815	MONDO:0008319
NANDO:1200431	MONDO:0008377
NANDO:2200042	MONDO:0008380
NANDO:1200415	MONDO:0008399
NANDO:2200663	MONDO:0008555
NANDO:1200339	MONDO:0008564
NANDO:1200688	MONDO:0008564
NANDO:2200712	MONDO:0008564
NANDO:2200965	MONDO:0008608
NANDO:1200607	MONDO:0008612
NANDO:2200826	MONDO:0008612
NANDO:2200043	MONDO:0008679
NANDO:2200847	MONDO:0008710
NANDO:1200399	MONDO:0008728
NANDO:2200374	MONDO:0008728
NANDO:1200554	MONDO:0008752
NANDO:2200835	MONDO:0008752
NANDO:2200495	MONDO:0008861
NANDO:1200805	MONDO:0008988
NANDO:2200480	MONDO:0008988
NANDO:2200781	MONDO:0009006
NANDO:2200489	MONDO:0009067
NANDO:2200460	MONDO:0009100
NANDO:2200908	MONDO:0009114
NANDO:2200907	MONDO:0009116
NANDO:1200996	MONDO:0009165
NANDO:2200893	MONDO:0009165
NANDO:2200808	MONDO:0009194
NANDO:1200303	MONDO:0009215
NANDO:1200891	MONDO:0009215
NANDO:2200534	MONDO:0009257
NANDO:1200801	MONDO:0009282
NANDO:2200502	MONDO:0009282
NANDO:1200138	MONDO:0009290
NANDO:1200825	MONDO:0009290
NANDO:2200569	MONDO:0009290
NANDO:1200827	MONDO:0009292
NANDO:1200850	MONDO:0009292
NANDO:2200540	MONDO:0009292
NANDO:1200535	MONDO:0009319
NANDO:1200536	MONDO:0009319
NANDO:2200886	MONDO:0009319
NANDO:1200663	MONDO:0009341
NANDO:2200981	MONDO:0009341
NANDO:2200204	MONDO:0009484
NANDO:1200074	MONDO:0009499
NANDO:2200564	MONDO:0009499
NANDO:1200126	MONDO:0009561
NANDO:2200554	MONDO:0009561
NANDO:1200791	MONDO:0009563
NANDO:2200473	MONDO:0009563
NANDO:1200863	MONDO:0009572
NANDO:2200827	MONDO:0009578
NANDO:1200082	MONDO:0009590
NANDO:1200794	MONDO:0009612
NANDO:1200108	MONDO:0009661
NANDO:1200109	MONDO:0009661
NANDO:1200110	MONDO:0009661
NANDO:1200215	MONDO:0009681
NANDO:2200862	MONDO:0009681
NANDO:1200499	MONDO:0009715
NANDO:1200175	MONDO:0009723
NANDO:2200527	MONDO:0009723
NANDO:2200111	MONDO:0009733
NANDO:1200116	MONDO:0009738
NANDO:1200117	MONDO:0009738
NANDO:1200118	MONDO:0009738
NANDO:2200556	MONDO:0009738
NANDO:1200063	MONDO:0009757
NANDO:1200784	MONDO:0009861
NANDO:1200785	MONDO:0009861
NANDO:2200467	MONDO:0009861
NANDO:2200536	MONDO:0009866
NANDO:2200631	MONDO:0009948
NANDO:2200519	MONDO:0009949
NANDO:1200762	MONDO:0009959
NANDO:1200444	MONDO:0009960
NANDO:1200449	MONDO:0009960
NANDO:2200920	MONDO:0009960
NANDO:2200921	MONDO:0009960
NANDO:1200671	MONDO:0010002
NANDO:1200072	MONDO:0010006
NANDO:2200818	MONDO:0010011
NANDO:1200948	MONDO:0010079
NANDO:2200834	MONDO:0010079
NANDO:1200071	MONDO:0010100
NANDO:1200944	MONDO:0010170
NANDO:1200142	MONDO:0010204
NANDO:1200143	MONDO:0010204
NANDO:2200757	MONDO:0010600
NANDO:2200676	MONDO:0010602
NANDO:2200505	MONDO:0010613
NANDO:1200097	MONDO:0010674
NANDO:1200098	MONDO:0010674
NANDO:1200099	MONDO:0010674
NANDO:1200576	MONDO:0010714
NANDO:1200352	MONDO:0011158
NANDO:2200726	MONDO:0011158
NANDO:1200431	MONDO:0011202
NANDO:1200978	MONDO:0011326
NANDO:1200980	MONDO:0011326
NANDO:2200483	MONDO:0011326
NANDO:2200730	MONDO:0011336
NANDO:2200728	MONDO:0011337
NANDO:1200951	MONDO:0011380
NANDO:2200838	MONDO:0011380
NANDO:1200469	MONDO:0011429
NANDO:2200415	MONDO:0011429
NANDO:1200984	MONDO:0011612
NANDO:1200568	MONDO:0011818
NANDO:1200569	MONDO:0011818
NANDO:2200744	MONDO:0011939
NANDO:2200729	MONDO:0012146
NANDO:2200101	MONDO:0012252
NANDO:2200783	MONDO:0012295
NANDO:2200791	MONDO:0012350
NANDO:2200785	MONDO:0012412
NANDO:2200894	MONDO:0012429
NANDO:1200538	MONDO:0012444
NANDO:2200895	MONDO:0012471
NANDO:2200784	MONDO:0012908
NANDO:2200897	MONDO:0013059
NANDO:2200734	MONDO:0013081
NANDO:2200731	MONDO:0013135
NANDO:2200777	MONDO:0013343
NANDO:2200779	MONDO:0013419
NANDO:2200787	MONDO:0013445
NANDO:1200873	MONDO:0013515
NANDO:2201011	MONDO:0013515
NANDO:1200240	MONDO:0013626
NANDO:1200244	MONDO:0013626
NANDO:1200768	MONDO:0013681
NANDO:2200306	MONDO:0013902
NANDO:2200898	MONDO:0014007
NANDO:2200735	MONDO:0014054
NANDO:2200743	MONDO:0014253
NANDO:1200952	MONDO:0014387
NANDO:2200414	MONDO:0014432
NANDO:2200459	MONDO:0014498
NANDO:1200693	MONDO:0016581
NANDO:1200710	MONDO:0016581
NANDO:2200256	MONDO:0016581
NANDO:2200261	MONDO:0016581
NANDO:1200225	MONDO:0018975
NANDO:1200226	MONDO:0018975
NANDO:2201003	MONDO:0018975
NANDO:2200391	MONDO:0019154
NANDO:2200363	MONDO:0020607
NANDO:1201003	MONDO:0020730
NANDO:2200353	MONDO:0020735
NANDO:2200761	MONDO:0020740
NANDO:2200331	MONDO:0024264
NANDO:1200537	MONDO:0024457
NANDO:2200887	MONDO:0024457
NANDO:2200088	MONDO:0024498
NANDO:2200089	MONDO:0024498
NANDO:2200156	MONDO:0024519
NANDO:1200220	MONDO:0024530
NANDO:1200425	MONDO:0024533
NANDO:1200217	MONDO:0024545
NANDO:2200725	MONDO:0024551
NANDO:1200959	MONDO:0027407
NANDO:2200176	MONDO:0027676
NANDO:1200356	MONDO:0044204
NANDO:2200756	MONDO:0044204
NANDO:1200867	MONDO:0054698
NANDO:1200267	MONDO:0007140
NANDO:2200283	MONDO:0007345
NANDO:1200880	MONDO:0007414
NANDO:1200647	MONDO:0007523
NANDO:1200032	MONDO:0007827
NANDO:1200218	MONDO:0007827
NANDO:2200045	MONDO:0005549
NANDO:2200087	MONDO:0020690
NANDO:2200106	MONDO:0024746
NANDO:1200173	MONDO:0044970
NANDO:2200674	MONDO:0020586
NANDO:1200643	MONDO:0024308
NANDO:2200215	MONDO:0020803
NANDO:2200662	MONDO:0100083
NANDO:2200724	MONDO:0100094
